provider_id,hospital_name,address,city,state,zip_code,county_name,phone_number,hospital_type,hospital_ownership,emergency_services,meets_criteria_for_meaningful_use_of_ehrs,hospital_overall_rating,hospital_overall_rating_footnote,mortality_national_comparison,mortality_national_comparison_footnote,safety_of_care_national_comparison,safety_of_care_national_comparison_footnote,readmission_national_comparison,readmission_national_comparison_footnote,patient_experience_national_comparison,patient_experience_national_comparison_footnote,effectiveness_of_care_national_comparison,effectiveness_of_care_national_comparison_footnote,timeliness_of_care_national_comparison,timeliness_of_care_national_comparison_footnote,efficient_use_of_medical_imaging_national_comparison,efficient_use_of_medical_imaging_national_comparison_footnote,location
330080,LINCOLN MEDICAL & MENTAL HEALTH CENTER,234 EAST 149TH STREET,BRONX,NY,10451,BRONX,(718) 579-5000,Acute Care Hospitals,Government - Local,True,True,1,0.0,Same as the national average,0.0,Below the national average,0.0,Below the national average,0.0,Below the national average,0.0,Below the national average,0.0,Below the national average,0.0,Not Available,5.0,POINT (-73.924072 40.817681)
330125,ROCHESTER GENERAL HOSPITAL,1425 PORTLAND AVENUE,ROCHESTER,NY,14621,MONROE,(585) 922-4000,Acute Care Hospitals,Voluntary non-profit - Private,True,True,1,0.0,Above the national average,0.0,Below the national average,0.0,Below the national average,0.0,Below the national average,0.0,Same as the national average,0.0,Below the national average,0.0,Same as the national average,0.0,POINT (-77.584424 43.192542)
330221,WYCKOFF HEIGHTS MEDICAL CENTER,374 STOCKHOLM STREET,BROOKLYN,NY,11237,KINGS,(718) 963-7272,Acute Care Hospitals,Voluntary non-profit - Private,True,True,1,0.0,Same as the national average,0.0,Below the national average,0.0,Below the national average,0.0,Below the national average,0.0,Same as the national average,0.0,Below the national average,0.0,Not Available,5.0,POINT (-73.917648 40.704699)
330231,QUEENS HOSPITAL CENTER,82-68 164TH STREET,JAMAICA,NY,11432,QUEENS,(718) 883-3000,Acute Care Hospitals,Government - Local,True,True,1,0.0,Same as the national average,0.0,Below the national average,0.0,Below the national average,0.0,Below the national average,0.0,Below the national average,0.0,Below the national average,0.0,Not Available,5.0,POINT (-73.803431 40.71698)
330009,BRONX HEALTH SYSTEM,1276 FULTON AVENUE,BRONX,NY,10456,BRONX,(212) 588-7000,Acute Care Hospitals,Proprietary,True,True,1,0.0,Same as the national average,0.0,Below the national average,0.0,Below the national average,0.0,Below the national average,0.0,Same as the national average,0.0,Below the national average,0.0,Same as the national average,0.0,POINT (-73.903756 40.83175000000001)
330259,MERCY MEDICAL CENTER,1000 NORTH VILLAGE AVENUE,ROCKVILLE CENTRE,NY,11570,NASSAU,(516) 705-2525,Acute Care Hospitals,Voluntary non-profit - Private,True,True,1,0.0,Same as the national average,0.0,Below the national average,0.0,Below the national average,0.0,Below the national average,0.0,Same as the national average,0.0,Below the national average,0.0,Same as the national average,0.0,POINT (-73.633236 40.688191)
330203,CROUSE HOSPITAL,736 IRVING AVENUE,SYRACUSE,NY,13210,ONONDAGA,(315) 470-7449,Acute Care Hospitals,Voluntary non-profit - Private,True,True,1,0.0,Same as the national average,0.0,Below the national average,0.0,Below the national average,0.0,Below the national average,0.0,Same as the national average,0.0,Below the national average,0.0,Same as the national average,0.0,POINT (-76.137853 43.041666)
330153,ELLIS HOSPITAL,1101 NOTT STREET,SCHENECTADY,NY,12308,SCHENECTADY,(518) 243-4000,Acute Care Hospitals,Voluntary non-profit - Private,True,False,1,0.0,Below the national average,0.0,Below the national average,0.0,Above the national average,0.0,Below the national average,0.0,Same as the national average,0.0,Below the national average,0.0,Above the national average,0.0,POINT (-73.918883 42.819818)
330028,RICHMOND UNIVERSITY MEDICAL CENTER,355 BARD AVENUE,STATEN ISLAND,NY,10310,RICHMOND,(718) 818-1234,Acute Care Hospitals,Voluntary non-profit - Private,True,True,1,0.0,Same as the national average,0.0,Below the national average,0.0,Same as the national average,0.0,Below the national average,0.0,Below the national average,0.0,Below the national average,0.0,Same as the national average,0.0,POINT (-74.106693 40.63551)
330044,FAXTON-ST LUKE'S HEALTHCARE,1656 CHAMPLIN AVENUE,UTICA,NY,13503,ONEIDA,(315) 798-6000,Acute Care Hospitals,Voluntary non-profit - Private,True,True,1,0.0,Below the national average,0.0,Below the national average,0.0,Below the national average,0.0,Below the national average,0.0,Same as the national average,0.0,Below the national average,0.0,Same as the national average,0.0,0
330240,HARLEM HOSPITAL CENTER,506 LENOX AVENUE,NEW YORK,NY,10037,NEW YORK,(212) 939-1000,Acute Care Hospitals,Government - Local,True,True,1,0.0,Same as the national average,0.0,Same as the national average,0.0,Below the national average,0.0,Below the national average,0.0,Same as the national average,0.0,Below the national average,0.0,Not Available,16.0,POINT (-73.940495 40.814482)
330350,SUNY/DOWNSTATE UNIVERSITY HOSPITAL OF BROOKLYN,445 LENOX ROAD,BROOKLYN,NY,11203,KINGS,(718) 270-1000,Acute Care Hospitals,Government - State,True,True,1,0.0,Same as the national average,0.0,Below the national average,0.0,Below the national average,0.0,Below the national average,0.0,Same as the national average,0.0,Below the national average,0.0,Same as the national average,0.0,POINT (-73.94516 40.654457)
330235,AUBURN  COMMUNITY  HOSPITAL,17 LANSING STREET,AUBURN,NY,13021,CAYUGA,(315) 255-7011,Acute Care Hospitals,Voluntary non-profit - Private,True,True,1,0.0,Same as the national average,0.0,Above the national average,0.0,Below the national average,0.0,Below the national average,0.0,Same as the national average,0.0,Below the national average,0.0,Same as the national average,0.0,POINT (-76.564607 42.940761)
330394,"UNITED HEALTH SERVICES HOSPITALS, INC",10-42 MITCHELL AVENUE,BINGHAMTON,NY,13903,BROOME,(607) 763-6000,Acute Care Hospitals,Voluntary non-profit - Private,True,True,1,0.0,Below the national average,0.0,Below the national average,0.0,Below the national average,0.0,Below the national average,0.0,Same as the national average,0.0,Below the national average,0.0,Above the national average,0.0,POINT (-75.914166 42.088097)
330160,STATEN ISLAND UNIVERSITY HOSPITAL,475 SEAVIEW AVENUE,STATEN ISLAND,NY,10305,RICHMOND,(418) 226-9761,Acute Care Hospitals,Voluntary non-profit - Private,True,True,1,0.0,Above the national average,0.0,Below the national average,0.0,Below the national average,0.0,Below the national average,0.0,Same as the national average,0.0,Below the national average,0.0,Above the national average,0.0,POINT (-74.087013 40.584082)
330233,BROOKDALE HOSPITAL MEDICAL CENTER,1 BROOKDALE PLAZA,BROOKLYN,NY,11212,KINGS,(718) 240-5966,Acute Care Hospitals,Voluntary non-profit - Private,True,True,1,0.0,Same as the national average,0.0,Below the national average,0.0,Below the national average,0.0,Below the national average,0.0,Below the national average,0.0,Below the national average,0.0,Not Available,5.0,POINT (-73.91275 40.6545)
330014,JAMAICA HOSPITAL MEDICAL CENTER,89TH AVENUE AND VAN WYCK EXPRESSWAY,JAMAICA,NY,11418,QUEENS,(718) 262-6000,Acute Care Hospitals,Voluntary non-profit - Private,True,True,1,0.0,Same as the national average,0.0,Below the national average,0.0,Same as the national average,0.0,Below the national average,0.0,Below the national average,0.0,Below the national average,0.0,Same as the national average,0.0,POINT (-73.816302 40.701412)
330204,BELLEVUE HOSPITAL CENTER,462 FIRST AVENUE,NEW YORK,NY,10016,NEW YORK,(212) 562-4141,Acute Care Hospitals,Government - Local,True,True,1,0.0,Same as the national average,0.0,Below the national average,0.0,Below the national average,0.0,Below the national average,0.0,Same as the national average,0.0,Below the national average,0.0,Same as the national average,0.0,POINT (-73.97625 40.740079)
330196,NYC HEALTH + HOSPITALS/CONEY ISLAND,2601 OCEAN PARKWAY,BROOKLYN,NY,11235,KINGS,(718) 616-3000,Acute Care Hospitals,Government - Local,True,True,1,0.0,Same as the national average,0.0,Below the national average,0.0,Below the national average,0.0,Below the national average,0.0,Below the national average,0.0,Below the national average,0.0,Not Available,5.0,POINT (-73.966285 40.58494)
330027,NASSAU UNIVERSITY MEDICAL CENTER,2201 HEMPSTEAD TURNPIKE,EAST MEADOW,NY,11554,NASSAU,(516) 572-0123,Acute Care Hospitals,Government - Local,True,True,1,0.0,Same as the national average,0.0,Below the national average,0.0,Below the national average,0.0,Below the national average,0.0,Same as the national average,0.0,Below the national average,0.0,Not Available,5.0,POINT (-73.554413 40.725298)
330094,COLUMBIA MEMORIAL HOSPITAL,71 PROSPECT AVENUE,HUDSON,NY,12534,COLUMBIA,(518) 828-7601,Acute Care Hospitals,Voluntary non-profit - Private,True,True,1,0.0,Same as the national average,0.0,Below the national average,0.0,Below the national average,0.0,Below the national average,0.0,Same as the national average,0.0,Below the national average,0.0,Below the national average,0.0,POINT (-73.776128 42.246254)
330136,BASSETT HEALTHCARE,ONE ATWELL ROAD,COOPERSTOWN,NY,13326,OTSEGO,(607) 547-3456,Acute Care Hospitals,Voluntary non-profit - Private,True,True,1,0.0,Same as the national average,0.0,Below the national average,0.0,Below the national average,0.0,Below the national average,0.0,Same as the national average,0.0,Same as the national average,0.0,Same as the national average,0.0,0
330401,ST CATHERINE OF SIENA HOSPITAL,50 ROUTE 25A,SMITHTOWN,NY,11787,SUFFOLK,(631) 862-3000,Acute Care Hospitals,Voluntary non-profit - Private,True,True,1,0.0,Above the national average,0.0,Below the national average,0.0,Below the national average,0.0,Below the national average,0.0,Same as the national average,0.0,Below the national average,0.0,Same as the national average,0.0,POINT (-73.220142 40.867592)
330056,BROOKLYN HOSPITAL CENTER - DOWNTOWN CAMPUS,121 DEKALB AVENUE,BROOKLYN,NY,11201,KINGS,(718) 250-8000,Acute Care Hospitals,Voluntary non-profit - Private,True,True,1,0.0,Same as the national average,0.0,Below the national average,0.0,Below the national average,0.0,Below the national average,0.0,Same as the national average,0.0,Below the national average,0.0,Not Available,5.0,POINT (-73.9774 40.689785)
330127,JACOBI MEDICAL CENTER,1400 PELHAM PARKWAY SOUTH,BRONX,NY,10461,BRONX,(718) 918-5000,Acute Care Hospitals,Government - Local,True,True,1,0.0,Same as the national average,0.0,Below the national average,0.0,Below the national average,0.0,Below the national average,0.0,Below the national average,0.0,Below the national average,0.0,Not Available,5.0,POINT (-73.84721 40.857455)
330397,INTERFAITH MEDICAL CENTER,1545 ATLANTIC AVENUE,BROOKLYN,NY,11213,KINGS,(718) 613-4000,Acute Care Hospitals,Voluntary non-profit - Private,False,True,1,0.0,Same as the national average,0.0,Below the national average,0.0,Same as the national average,0.0,Below the national average,0.0,Same as the national average,0.0,Below the national average,0.0,Not Available,5.0,POINT (-73.937154 40.677866)
330194,MAIMONIDES MEDICAL CENTER,4802 TENTH AVENUE,BROOKLYN,NY,11219,KINGS,(718) 283-6000,Acute Care Hospitals,Voluntary non-profit - Private,True,True,1,0.0,Above the national average,0.0,Below the national average,0.0,Below the national average,0.0,Below the national average,0.0,Same as the national average,0.0,Below the national average,0.0,Above the national average,0.0,POINT (-73.998668 40.63908)
330234,WESTCHESTER MEDICAL CENTER,100 WOODS RD,VALHALLA,NY,10595,WESTCHESTER,(914) 493-7000,Acute Care Hospitals,Government - Hospital District or Authority,True,False,1,0.0,Same as the national average,0.0,Below the national average,0.0,Below the national average,0.0,Below the national average,0.0,Same as the national average,0.0,Below the national average,0.0,Below the national average,0.0,POINT (-73.803897 41.08768)
330395,ST JOHN'S EPISCOPAL HOSPITAL AT SOUTH SHORE,327 BEACH 19TH STREET,FAR ROCKAWAY,NY,11691,QUEENS,(718) 869-7000,Acute Care Hospitals,Voluntary non-profit - Church,True,True,1,0.0,Below the national average,0.0,Below the national average,0.0,Below the national average,0.0,Below the national average,0.0,Same as the national average,0.0,Below the national average,0.0,Same as the national average,0.0,POINT (-73.75268 40.598675)
330158,GOOD SAMARITAN HOSPITAL OF SUFFERN,255 LAFAYETTE AVENUE,SUFFERN,NY,10901,ROCKLAND,(845) 368-5000,Acute Care Hospitals,Voluntary non-profit - Church,True,True,1,0.0,Same as the national average,0.0,Below the national average,0.0,Below the national average,0.0,Below the national average,0.0,Same as the national average,0.0,Below the national average,0.0,Same as the national average,0.0,POINT (-74.136248 41.112389)
330006,ST JOSEPH'S MEDICAL CENTER,127 SOUTH BROADWAY,YONKERS,NY,10701,WESTCHESTER,(914) 378-7000,Acute Care Hospitals,Voluntary non-profit - Private,True,True,1,0.0,Same as the national average,0.0,Below the national average,0.0,Below the national average,0.0,Below the national average,0.0,Same as the national average,0.0,Below the national average,0.0,Same as the national average,0.0,POINT (-73.897003 40.929614)
330058,FINGER LAKE HEALTH-GENEVA GENERAL HOSPITAL,196 -198 NORTH STREET,GENEVA,NY,14456,ONTARIO,(315) 787-4175,Acute Care Hospitals,Voluntary non-profit - Private,True,True,1,0.0,Same as the national average,0.0,Below the national average,0.0,Below the national average,0.0,Below the national average,0.0,Same as the national average,0.0,Below the national average,0.0,Same as the national average,0.0,0
330201,KINGSBROOK JEWISH MEDICAL CENTER,585 SCHENECTADY AVENUE,BROOKLYN,NY,11203,KINGS,(718) 604-5789,Acute Care Hospitals,Voluntary non-profit - Private,True,False,1,23.0,Same as the national average,23.0,Below the national average,0.0,Below the national average,23.0,Below the national average,0.0,Same as the national average,0.0,Below the national average,0.0,Not Available,5.0,POINT (-73.934072 40.65892900000001)
330141,LONG ISLAND COMMUNITY HOSPITAL,101 HOSPITAL ROAD,PATCHOGUE,NY,11772,SUFFOLK,(631) 654-7100,Acute Care Hospitals,Voluntary non-profit - Private,True,True,1,0.0,Above the national average,0.0,Same as the national average,0.0,Below the national average,0.0,Below the national average,0.0,Same as the national average,0.0,Below the national average,0.0,Same as the national average,0.0,POINT (-72.978147 40.779337)
330013,ALBANY MEDICAL CENTER HOSPITAL,"43 NEW SCOTLAND AVENUE, MAIL CODE 34",ALBANY,NY,12208,ALBANY,(518) 262-2400,Acute Care Hospitals,Voluntary non-profit - Private,True,True,1,0.0,Same as the national average,0.0,Above the national average,0.0,Below the national average,0.0,Below the national average,0.0,Below the national average,0.0,Below the national average,0.0,Same as the national average,0.0,POINT (-73.77386 42.653254)
330059,MONTEFIORE MEDICAL CENTER,111 EAST 210TH STREET,BRONX,NY,10467,BRONX,(718) 920-4321,Acute Care Hospitals,Voluntary non-profit - Private,True,True,1,0.0,Above the national average,0.0,Below the national average,0.0,Below the national average,0.0,Below the national average,0.0,Same as the national average,0.0,Below the national average,0.0,Same as the national average,0.0,POINT (-73.879975 40.879777)
330286,GOOD SAMARITAN HOSPITAL MEDICAL CENTER,1000 MONTAUK HIGHWAY,WEST ISLIP,NY,11795,SUFFOLK,(631) 376-3000,Acute Care Hospitals,Voluntary non-profit - Church,True,True,1,0.0,Same as the national average,0.0,Below the national average,0.0,Below the national average,0.0,Below the national average,0.0,Same as the national average,0.0,Below the national average,0.0,Above the national average,0.0,POINT (-73.286321 40.696807)
330399,ST BARNABAS HOSPITAL,4422 THIRD AVENUE,BRONX,NY,10457,BRONX,(212) 960-9000,Acute Care Hospitals,Voluntary non-profit - Private,True,True,1,0.0,Same as the national average,0.0,Below the national average,0.0,Below the national average,0.0,Below the national average,0.0,Below the national average,0.0,Below the national average,0.0,Not Available,5.0,POINT (-73.892168 40.85277)
330084,ALICE HYDE MEDICAL CENTER,"133 PARK STREET, PO BOX 729",MALONE,NY,12953,FRANKLIN,(518) 483-3000,Acute Care Hospitals,Voluntary non-profit - Other,True,True,1,0.0,Same as the national average,0.0,Below the national average,0.0,Below the national average,0.0,Below the national average,0.0,Same as the national average,0.0,Above the national average,0.0,Same as the national average,0.0,POINT (-74.29193 44.856658)
330128,ELMHURST HOSPITAL CENTER,79-01 BROADWAY,ELMHURST,NY,11373,QUEENS,(718) 334-1141,Acute Care Hospitals,Government - Local,True,True,1,0.0,Same as the national average,0.0,Below the national average,0.0,Below the national average,0.0,Below the national average,0.0,Below the national average,0.0,Below the national average,0.0,Not Available,5.0,POINT (-73.88598 40.74434)
330202,KINGS COUNTY HOSPITAL CENTER,451 CLARKSON AVENUE,BROOKLYN,NY,11203,KINGS,(718) 245-3901,Acute Care Hospitals,Government - Local,True,False,1,0.0,Same as the national average,0.0,Below the national average,0.0,Below the national average,0.0,Below the national average,0.0,Below the national average,0.0,Below the national average,0.0,Not Available,5.0,POINT (-73.944039 40.655773)
330023,VASSAR BROTHERS MEDICAL CENTER,45 READE PLACE,POUGHKEEPSIE,NY,12601,DUTCHESS,(845) 454-8500,Acute Care Hospitals,Voluntary non-profit - Private,True,False,1,0.0,Same as the national average,0.0,Below the national average,0.0,Below the national average,0.0,Below the national average,0.0,Same as the national average,0.0,Below the national average,0.0,Below the national average,0.0,POINT (-73.935723 41.694567)
330245,ST ELIZABETH MEDICAL CENTER,2209 GENESEE STREET,UTICA,NY,13501,ONEIDA,(315) 798-8100,Acute Care Hospitals,Voluntary non-profit - Private,True,True,1,0.0,Same as the national average,0.0,Below the national average,0.0,Same as the national average,0.0,Below the national average,0.0,Same as the national average,0.0,Below the national average,0.0,Above the national average,0.0,POINT (-75.267158 43.083646)
330193,FLUSHING HOSPITAL MEDICAL CENTER,45TH AVENUE AND PARSONS BOULEVARD,FLUSHING,NY,11355,QUEENS,(718) 670-5000,Acute Care Hospitals,Voluntary non-profit - Private,True,True,1,0.0,Below the national average,0.0,Below the national average,0.0,Below the national average,0.0,Below the national average,0.0,Same as the national average,0.0,Below the national average,0.0,Not Available,5.0,POINT (-73.815645 40.755636)
330163,EASTERN NIAGARA HOSPITAL,521 EAST AVENUE,LOCKPORT,NY,14094,NIAGARA,(716) 514-5700,Acute Care Hospitals,Voluntary non-profit - Private,True,False,1,0.0,Below the national average,0.0,Above the national average,0.0,Below the national average,0.0,Below the national average,0.0,Same as the national average,0.0,Same as the national average,0.0,Same as the national average,0.0,POINT (-78.671075 43.17638)
330096,JONES MEMORIAL HOSPITAL,191 NORTH MAIN STREET,WELLSVILLE,NY,14895,ALLEGANY,(585) 593-1100,Acute Care Hospitals,Voluntary non-profit - Private,True,True,1,0.0,Below the national average,0.0,Not Available,5.0,Below the national average,0.0,Below the national average,0.0,Same as the national average,0.0,Same as the national average,0.0,Same as the national average,0.0,POINT (-77.949784 42.122878)
330090,ARNOT OGDEN MEDICAL CENTER,600 ROE AVENUE,ELMIRA,NY,14905,CHEMUNG,(607) 737-4100,Acute Care Hospitals,Voluntary non-profit - Private,True,False,2,0.0,Same as the national average,0.0,Below the national average,0.0,Below the national average,0.0,Below the national average,0.0,Same as the national average,0.0,Below the national average,0.0,Same as the national average,0.0,POINT (-76.826668 42.099256)
330198,MOUNT SINAI SOUTH NASSAU,ONE HEALTHY WAY,OCEANSIDE,NY,11572,NASSAU,(516) 632-3000,Acute Care Hospitals,Voluntary non-profit - Private,True,True,2,0.0,Same as the national average,0.0,Below the national average,0.0,Below the national average,0.0,Below the national average,0.0,Same as the national average,0.0,Below the national average,0.0,Above the national average,0.0,0
330279,MERCY HOSPITAL OF BUFFALO,565 ABBOTT ROAD,BUFFALO,NY,14220,ERIE,(716) 826-7000,Acute Care Hospitals,Voluntary non-profit - Private,True,True,2,0.0,Below the national average,0.0,Below the national average,0.0,Above the national average,0.0,Below the national average,0.0,Same as the national average,0.0,Below the national average,0.0,Above the national average,0.0,POINT (-78.811876 42.847875)
330162,NORTHERN WESTCHESTER HOSPITAL,400 EAST MAIN STREET,MOUNT KISCO,NY,10549,WESTCHESTER,(914) 666-1200,Acute Care Hospitals,Voluntary non-profit - Private,True,True,2,0.0,Above the national average,0.0,Below the national average,0.0,Below the national average,0.0,Above the national average,0.0,Same as the national average,0.0,Same as the national average,0.0,Same as the national average,0.0,POINT (-73.724449 41.196692)
330055,NEW YORK-PRESBYTERIAN/QUEENS,56-45 MAIN STREET,FLUSHING,NY,11355,QUEENS,(718) 670-2000,Acute Care Hospitals,Voluntary non-profit - Private,True,True,2,0.0,Above the national average,0.0,Above the national average,0.0,Below the national average,0.0,Below the national average,0.0,Same as the national average,0.0,Below the national average,0.0,Same as the national average,0.0,0
330191,GLENS FALLS HOSPITAL,100 PARK STREET,GLENS FALLS,NY,12801,WARREN,(518) 926-1000,Acute Care Hospitals,Voluntary non-profit - Private,True,True,2,0.0,Below the national average,0.0,Above the national average,0.0,Above the national average,0.0,Same as the national average,0.0,Same as the national average,0.0,Below the national average,0.0,Above the national average,0.0,POINT (-73.644551 43.30833500000001)
330085,AURELIA OSBORN FOX MEMORIAL HOSPITAL,ONE NORTON AVENUE,ONEONTA,NY,13820,OTSEGO,(607) 432-2000,Acute Care Hospitals,Voluntary non-profit - Private,True,True,2,0.0,Same as the national average,0.0,Same as the national average,0.0,Below the national average,0.0,Same as the national average,0.0,Same as the national average,0.0,Below the national average,0.0,Same as the national average,0.0,0
330396,WOODHULL MEDICAL & MENTAL HEALTH CENTER,760 BROADWAY,BROOKLYN,NY,11206,KINGS,(718) 963-8100,Acute Care Hospitals,Government - Local,True,True,2,0.0,Same as the national average,0.0,Same as the national average,0.0,Below the national average,0.0,Below the national average,0.0,Same as the national average,0.0,Below the national average,0.0,Not Available,5.0,POINT (-73.941557 40.700512)
330005,KALEIDA HEALTH,100 HIGH STREET,BUFFALO,NY,14210,ERIE,(716) 859-8620,Acute Care Hospitals,Voluntary non-profit - Private,True,True,2,0.0,Below the national average,0.0,Below the national average,0.0,Same as the national average,0.0,Below the national average,0.0,Same as the national average,0.0,Below the national average,0.0,Same as the national average,0.0,POINT (-78.864937 42.900329)
330199,METROPOLITAN HOSPITAL CENTER,1901 FIRST AVENUE,NEW YORK,NY,10029,NEW YORK,(212) 423-6262,Acute Care Hospitals,Government - Local,True,True,2,0.0,Not Available,5.0,Same as the national average,0.0,Not Available,5.0,Below the national average,0.0,Same as the national average,0.0,Below the national average,0.0,Not Available,5.0,POINT (-73.943636 40.78472)
330180,SAMARITAN HOSPITAL,2215 BURDETT AVENUE,TROY,NY,12180,RENSSELAER,(518) 427-3402,Acute Care Hospitals,Voluntary non-profit - Private,True,True,2,0.0,Same as the national average,0.0,Same as the national average,0.0,Same as the national average,0.0,Below the national average,0.0,Same as the national average,0.0,Below the national average,0.0,Same as the national average,0.0,POINT (-73.671434 42.733395)
330104,NYACK HOSPITAL,160 NORTH MIDLAND AVENUE,NYACK,NY,10960,ROCKLAND,(845) 348-2000,Acute Care Hospitals,Voluntary non-profit - Other,True,False,2,0.0,Above the national average,0.0,Below the national average,0.0,Below the national average,0.0,Below the national average,0.0,Same as the national average,0.0,Below the national average,0.0,Above the national average,0.0,POINT (-73.925253 41.095251000000005)
330239,UPMC CHAUTAUQUA AT WCA,207 FOOTE AVENUE,JAMESTOWN,NY,14701,CHAUTAUQUA,(716) 487-0141,Acute Care Hospitals,Voluntary non-profit - Private,True,True,2,0.0,Same as the national average,0.0,Above the national average,0.0,Above the national average,0.0,Below the national average,0.0,Below the national average,0.0,Below the national average,0.0,Below the national average,0.0,POINT (-79.23295 42.091237)
330065,NIAGARA FALLS MEMORIAL MEDICAL CENTER,621 TENTH STREET,NIAGARA FALLS,NY,14302,NIAGARA,(716) 278-4000,Acute Care Hospitals,Voluntary non-profit - Other,True,True,2,0.0,Same as the national average,0.0,Below the national average,0.0,Same as the national average,0.0,Below the national average,0.0,Same as the national average,0.0,Same as the national average,0.0,Same as the national average,0.0,POINT (-79.050429 43.093433)
330307,CAYUGA MEDICAL CENTER AT ITHACA,101 DATES DRIVE,ITHACA,NY,14850,TOMPKINS,(607) 274-4401,Acute Care Hospitals,Voluntary non-profit - Private,True,True,2,0.0,Below the national average,0.0,Below the national average,0.0,Above the national average,0.0,Same as the national average,0.0,Same as the national average,0.0,Below the national average,0.0,Above the national average,0.0,POINT (-76.538808 42.467096)
330226,UNITY HOSPITAL,1555 LONG POND ROAD,ROCHESTER,NY,14626,MONROE,(585) 723-7000,Acute Care Hospitals,Voluntary non-profit - Private,True,True,2,0.0,Same as the national average,0.0,Above the national average,0.0,Below the national average,0.0,Same as the national average,0.0,Same as the national average,0.0,Below the national average,0.0,Same as the national average,0.0,POINT (-77.701464 43.191544)
330385,NORTH CENTRAL BRONX HOSPITAL,3424 KOSSUTH AVENUE & 210TH STREET,BRONX,NY,10467,BRONX,(212) 519-5000,Acute Care Hospitals,Government - Local,True,True,2,0.0,Not Available,16.0,Same as the national average,0.0,Not Available,5.0,Below the national average,0.0,Below the national average,0.0,Below the national average,0.0,Not Available,5.0,0
330184,MONTEFIORE NEW ROCHELLE HOSPITAL,16 GUION PLACE,NEW ROCHELLE,NY,10802,WESTCHESTER,(914) 632-5000,Acute Care Hospitals,Voluntary non-profit - Private,True,True,2,0.0,Same as the national average,0.0,Below the national average,0.0,Same as the national average,0.0,Below the national average,0.0,Same as the national average,0.0,Below the national average,0.0,Not Available,5.0,POINT (-73.786997 40.912968)
330078,SISTERS OF CHARITY HOSPITAL,2157 MAIN STREET,BUFFALO,NY,14214,ERIE,(716) 862-1000,Acute Care Hospitals,Voluntary non-profit - Private,True,True,2,0.0,Same as the national average,0.0,Below the national average,0.0,Above the national average,0.0,Same as the national average,0.0,Below the national average,0.0,Below the national average,0.0,Same as the national average,0.0,POINT (-78.849916 42.92917)
330033,CHENANGO MEMORIAL HOSPITAL,179 NORTH BROAD STREET,NORWICH,NY,13815,CHENANGO,(607) 337-4111,Acute Care Hospitals,Voluntary non-profit - Private,True,True,2,0.0,Same as the national average,0.0,Same as the national average,0.0,Same as the national average,0.0,Same as the national average,0.0,Same as the national average,0.0,Same as the national average,0.0,Same as the national average,0.0,POINT (-75.524724 42.542038)
330057,ST PETER'S HOSPITAL,315 SOUTH MANNING BOULEVARD,ALBANY,NY,12208,ALBANY,(518) 525-1550,Acute Care Hospitals,Voluntary non-profit - Private,True,True,2,0.0,Above the national average,0.0,Below the national average,0.0,Above the national average,0.0,Below the national average,0.0,Same as the national average,0.0,Below the national average,0.0,Same as the national average,0.0,POINT (-73.802382 42.660176)
330238,NICHOLAS H NOYES MEMORIAL HOSPITAL,111  CLARA BARTON STREET,DANSVILLE,NY,14437,LIVINGSTON,(585) 335-6001,Acute Care Hospitals,Voluntary non-profit - Private,True,True,2,0.0,Same as the national average,0.0,Below the national average,0.0,Below the national average,0.0,Below the national average,0.0,Same as the national average,0.0,Same as the national average,0.0,Same as the national average,0.0,POINT (-77.700356 42.55213)
330103,OLEAN GENERAL HOSPITAL,515 MAIN STREET,OLEAN,NY,14760,CATTARAUGUS,(716) 373-2600,Acute Care Hospitals,Proprietary,True,True,2,0.0,Below the national average,0.0,Above the national average,0.0,Below the national average,0.0,Below the national average,0.0,Same as the national average,0.0,Same as the national average,0.0,Below the national average,0.0,POINT (-78.426977 42.089448)
330185,JOHN T MATHER MEMORIAL HOSPITAL  OF PORT JEFFERSON,75 NORTH COUNTRY ROAD,PORT JEFFERSON,NY,11777,SUFFOLK,(631) 473-1320,Acute Care Hospitals,Voluntary non-profit - Private,True,True,2,0.0,Above the national average,0.0,Below the national average,0.0,Below the national average,0.0,Same as the national average,0.0,Same as the national average,0.0,Below the national average,0.0,Above the national average,0.0,POINT (-73.052951 40.938249)
330004,HEALTHALLIANCE HOSPITAL BROADWAY CAMPUS,396 BROADWAY,KINGSTON,NY,12401,ULSTER,(914) 331-3131,Acute Care Hospitals,Voluntary non-profit - Private,True,True,2,0.0,Same as the national average,0.0,Same as the national average,0.0,Below the national average,0.0,Below the national average,0.0,Same as the national average,0.0,Below the national average,0.0,Same as the national average,0.0,POINT (-73.995402 41.92635)
330386,GARNET HEALTH  MEDICAL CENTER CATSKILLS,68 HARRIS BUSHVILLE ROAD,HARRIS,NY,12742,SULLIVAN,(845) 794-3300,Acute Care Hospitals,Voluntary non-profit - Private,True,True,2,0.0,Same as the national average,0.0,Below the national average,0.0,Below the national average,0.0,Below the national average,0.0,Same as the national average,0.0,Below the national average,0.0,Same as the national average,0.0,POINT (-74.736752 41.70642)
330030,NEWARK-WAYNE COMMUNITY HOSPITAL,111 DRIVING PARK AVENUE,NEWARK,NY,14513,WAYNE,(315) 332-2022,Acute Care Hospitals,Voluntary non-profit - Private,True,True,2,0.0,Same as the national average,0.0,Below the national average,0.0,Below the national average,0.0,Same as the national average,0.0,Same as the national average,0.0,Below the national average,0.0,Not Available,5.0,POINT (-77.100736 43.059959000000006)
330332,CHSLI ST JOSEPH HOSPITAL,4295 HEMPSTEAD TURNPIKE,BETHPAGE,NY,11714,NASSAU,(516) 579-6000,Acute Care Hospitals,Voluntary non-profit - Private,True,True,2,0.0,Same as the national average,0.0,Below the national average,0.0,Below the national average,0.0,Below the national average,0.0,Same as the national average,0.0,Below the national average,0.0,Same as the national average,0.0,POINT (-73.478755 40.725795)
330169,MOUNT SINAI BETH ISRAEL,FIRST AVENUE AT 16TH STREET,NEW YORK,NY,10003,NEW YORK,(212) 420-2000,Acute Care Hospitals,Voluntary non-profit - Private,True,False,2,0.0,Above the national average,0.0,Below the national average,0.0,Below the national average,0.0,Below the national average,0.0,Same as the national average,0.0,Below the national average,0.0,Same as the national average,0.0,POINT (-73.9816 40.732665)
330241,UNIVERSITY HOSPITAL S U N Y HEALTH SCIENCE CENTER,750 EAST ADAMS STREET,SYRACUSE,NY,13210,ONONDAGA,(315) 473-4240,Acute Care Hospitals,Government - State,True,True,2,0.0,Same as the national average,0.0,Below the national average,0.0,Below the national average,0.0,Same as the national average,0.0,Same as the national average,0.0,Below the national average,0.0,Below the national average,0.0,POINT (-76.139323 43.042677)
330285,STRONG MEMORIAL HOSPITAL,601 ELMWOOD AVE,ROCHESTER,NY,14642,MONROE,(585) 275-2121,Acute Care Hospitals,Voluntary non-profit - Private,True,True,2,0.0,Same as the national average,0.0,Same as the national average,0.0,Below the national average,0.0,Same as the national average,0.0,Same as the national average,0.0,Below the national average,0.0,Below the national average,0.0,POINT (-77.623692 43.124394)
330003,ALBANY MEMORIAL HOSPITAL,600 NORTHERN BOULEVARD,ALBANY,NY,12204,ALBANY,(518) 471-3490,Acute Care Hospitals,Voluntary non-profit - Private,True,False,2,0.0,Same as the national average,0.0,Not Available,5.0,Below the national average,0.0,Below the national average,0.0,Same as the national average,0.0,Below the national average,0.0,Same as the national average,0.0,POINT (-73.748861 42.674685)
330086,MONTEFIORE MOUNT VERNON HOSPITAL,12 NORTH 7TH AVENUE,MOUNT VERNON,NY,10550,WESTCHESTER,(914) 664-8000,Acute Care Hospitals,Voluntary non-profit - Private,True,True,2,0.0,Same as the national average,0.0,Not Available,5.0,Below the national average,0.0,Same as the national average,0.0,Same as the national average,0.0,Below the national average,0.0,Not Available,5.0,POINT (-73.840011 40.912754)
330111,BERTRAND CHAFFEE HOSPITAL,224 EAST MAIN STREET,SPRINGVILLE,NY,14141,ERIE,(716) 592-2871,Acute Care Hospitals,Voluntary non-profit - Church,True,True,2,0.0,Same as the national average,0.0,Not Available,5.0,Below the national average,0.0,Below the national average,0.0,Same as the national average,0.0,Above the national average,0.0,Same as the national average,0.0,POINT (-78.659235 42.508484)
330215,"ROME MEMORIAL HOSPITAL, INC",1500 NORTH JAMES STREET,ROME,NY,13440,ONEIDA,(315) 338-7000,Acute Care Hospitals,Voluntary non-profit - Private,True,True,2,0.0,Same as the national average,0.0,Not Available,5.0,Below the national average,0.0,Same as the national average,0.0,Same as the national average,0.0,Same as the national average,0.0,Same as the national average,0.0,POINT (-75.444248 43.228954)
330267,HUDSON VALLEY HOSPITAL CENTER,1980 CROMPOND ROAD,CORTLANDT MANOR,NY,10567,WESTCHESTER,(914) 734-3611,Acute Care Hospitals,Voluntary non-profit - Private,True,True,3,0.0,Same as the national average,0.0,Above the national average,0.0,Below the national average,0.0,Above the national average,0.0,Same as the national average,0.0,Below the national average,0.0,Same as the national average,0.0,POINT (-73.893601 41.291457)
330175,GUTHRIE CORTLAND REGIONAL MEDICAL CENTER,134 HOMER AVENUE,CORTLAND,NY,13045,CORTLAND,(607) 756-3501,Acute Care Hospitals,Voluntary non-profit - Private,True,True,3,0.0,Above the national average,0.0,Same as the national average,0.0,Below the national average,0.0,Below the national average,0.0,Same as the national average,0.0,Same as the national average,0.0,Same as the national average,0.0,POINT (-76.186117 42.608997)
330331,PLAINVIEW HOSPITAL,888 OLD COUNTRY ROAD,PLAINVIEW,NY,11803,NASSAU,(516) 719-3000,Acute Care Hospitals,Voluntary non-profit - Private,True,True,3,0.0,Same as the national average,0.0,Below the national average,0.0,Above the national average,0.0,Below the national average,0.0,Same as the national average,0.0,Below the national average,0.0,Above the national average,0.0,POINT (-73.478063 40.774456)
330106,NORTH SHORE UNIVERSITY HOSPITAL,300 COMMUNITY DRIVE,MANHASSET,NY,11030,NASSAU,(516) 562-0100,Acute Care Hospitals,Voluntary non-profit - Private,True,True,3,0.0,Above the national average,0.0,Below the national average,0.0,Below the national average,0.0,Same as the national average,0.0,Same as the national average,0.0,Below the national average,0.0,Same as the national average,0.0,POINT (-73.703029 40.779269)
330073,UNITED MEMORIAL MEDICAL CENTER,127 NORTH STREET,BATAVIA,NY,14020,GENESEE,(585) 343-6030,Acute Care Hospitals,Voluntary non-profit - Private,True,True,3,0.0,Same as the national average,0.0,Above the national average,0.0,Above the national average,0.0,Below the national average,0.0,Same as the national average,0.0,Same as the national average,0.0,Not Available,5.0,POINT (-78.177592 43.003997)
330119,LENOX HILL HOSPITAL,100 EAST 77TH STREET,NEW YORK,NY,10021,NEW YORK,(212) 439-2345,Acute Care Hospitals,Voluntary non-profit - Private,True,True,3,0.0,Above the national average,0.0,Below the national average,0.0,Below the national average,0.0,Below the national average,0.0,Same as the national average,0.0,Same as the national average,0.0,Same as the national average,0.0,POINT (-73.960611 40.773964)
330043,NS/LIJ HS SOUTHSIDE HOSPITAL,301 EAST MAIN STREET,BAY SHORE,NY,11706,SUFFOLK,(631) 968-3000,Acute Care Hospitals,Voluntary non-profit - Private,True,True,3,0.0,Same as the national average,0.0,Above the national average,0.0,Below the national average,0.0,Below the national average,0.0,Same as the national average,0.0,Below the national average,0.0,Above the national average,0.0,POINT (-73.240889 40.724858)
330219,ERIE COUNTY MEDICAL CENTER,462 GRIDER STREET,BUFFALO,NY,14215,ERIE,(716) 898-3936,Acute Care Hospitals,Voluntary non-profit - Private,True,True,3,0.0,Same as the national average,0.0,Above the national average,0.0,Above the national average,0.0,Same as the national average,0.0,Below the national average,0.0,Below the national average,0.0,Same as the national average,0.0,POINT (-78.829151 42.927236)
330304,WHITE PLAINS HOSPITAL CENTER,41 EAST POST R0AD,WHITE PLAINS,NY,10601,WESTCHESTER,(914) 681-0600,Acute Care Hospitals,Voluntary non-profit - Private,True,True,3,0.0,Same as the national average,0.0,Below the national average,0.0,Below the national average,0.0,Above the national average,0.0,Same as the national average,0.0,Below the national average,0.0,Same as the national average,0.0,0
330079,ADIRONDACK MEDICAL CENTER,"2233 STATE ROUTE 86, PO BOX 471",SARANAC LAKE,NY,12983,FRANKLIN,(518) 891-4141,Acute Care Hospitals,Voluntary non-profit - Other,True,True,3,0.0,Same as the national average,0.0,Above the national average,0.0,Below the national average,0.0,Above the national average,0.0,Same as the national average,0.0,Same as the national average,0.0,Same as the national average,0.0,POINT (-74.144597 44.344548)
330140,ST JOSEPH'S HOSPITAL HEALTH CENTER,301 PROSPECT AVENUE,SYRACUSE,NY,13203,ONONDAGA,(315) 448-5111,Acute Care Hospitals,Voluntary non-profit - Private,True,True,3,0.0,Same as the national average,0.0,Below the national average,0.0,Below the national average,0.0,Same as the national average,0.0,Same as the national average,0.0,Below the national average,0.0,Above the national average,0.0,POINT (-76.149176 43.055589)
330019,"NEW YORK COMMUNITY HOSPITAL OF BROOKLYN, INC.",2525 KINGS HIGHWAY,BROOKLYN,NY,11229,KINGS,(718) 692-5302,Acute Care Hospitals,Voluntary non-profit - Private,True,False,3,0.0,Above the national average,0.0,Above the national average,0.0,Below the national average,0.0,Below the national average,0.0,Same as the national average,0.0,Below the national average,0.0,Same as the national average,0.0,POINT (-73.948321 40.613783)
330101,NEW YORK-PRESBYTERIAN HOSPITAL,525 EAST 68TH STREET,NEW YORK,NY,10065,NEW YORK,(212) 746-5454,Acute Care Hospitals,Voluntary non-profit - Private,True,True,3,0.0,Above the national average,0.0,Below the national average,0.0,Below the national average,0.0,Same as the national average,0.0,Same as the national average,0.0,Below the national average,0.0,Below the national average,0.0,POINT (-73.954335 40.76415)
330011,LOURDES HOSPITAL,169 RIVERSIDE DRIVE,BINGHAMTON,NY,13905,BROOME,(607) 798-5111,Acute Care Hospitals,Voluntary non-profit - Private,True,True,3,0.0,Same as the national average,0.0,Above the national average,0.0,Below the national average,0.0,Below the national average,0.0,Same as the national average,0.0,Same as the national average,0.0,Below the national average,0.0,POINT (-75.935558 42.09264)
330188,MOUNT ST. MARY'S HOSPITAL & HEALTH CENTER,5300 MILITARY ROAD,LEWISTON,NY,14092,NIAGARA,(716) 297-4800,Acute Care Hospitals,Voluntary non-profit - Church,True,True,3,0.0,Same as the national average,0.0,Above the national average,0.0,Same as the national average,0.0,Below the national average,0.0,Same as the national average,0.0,Below the national average,0.0,Same as the national average,0.0,POINT (-79.030462 43.154652)
330164,HIGHLAND HOSPITAL,1000 SOUTH AVENUE,ROCHESTER,NY,14620,MONROE,(585) 341-6736,Acute Care Hospitals,Voluntary non-profit - Private,True,True,3,0.0,Same as the national average,0.0,Above the national average,0.0,Below the national average,0.0,Above the national average,0.0,Same as the national average,0.0,Below the national average,0.0,Same as the national average,0.0,POINT (-77.607556 43.135955)
330115,ONEIDA HEALTHCARE CENTER,321 GENESEE STREET,ONEIDA,NY,13421,MADISON,(315) 363-6000,Acute Care Hospitals,Voluntary non-profit - Other,True,True,3,0.0,Same as the national average,0.0,Same as the national average,0.0,Same as the national average,0.0,Above the national average,0.0,Same as the national average,0.0,Same as the national average,0.0,Same as the national average,0.0,POINT (-75.654264 43.078755)
330277,CORNING HOSPITAL,1 GUTHRIE DRIVE,CORNING,NY,14830,STEUBEN,(607) 937-7200,Acute Care Hospitals,Voluntary non-profit - Private,True,True,3,0.0,Same as the national average,0.0,Same as the national average,0.0,Below the national average,0.0,Same as the national average,0.0,Same as the national average,0.0,Same as the national average,0.0,Same as the national average,0.0,POINT (-76.969841 42.136107)
330236,NEW YORK-PRESBYTERIAN/BROOKLYN METHODIST HOSPITAL,506 SIXTH STREET,BROOKLYN,NY,11215,KINGS,(718) 780-3000,Acute Care Hospitals,Voluntary non-profit - Private,True,True,3,0.0,Above the national average,0.0,Below the national average,0.0,Below the national average,0.0,Below the national average,0.0,Same as the national average,0.0,Below the national average,0.0,Same as the national average,0.0,POINT (-73.979141 40.668263)
330205,ST ANTHONY COMMUNITY HOSPITAL,15 MAPLE AVENUE -19,WARWICK,NY,10990,ORANGE,(845) 986-2276,Acute Care Hospitals,Voluntary non-profit - Church,True,True,3,0.0,Same as the national average,0.0,Below the national average,0.0,Below the national average,0.0,Above the national average,0.0,Same as the national average,0.0,Above the national average,0.0,Same as the national average,0.0,POINT (-74.356945 41.26109400000001)
330264,ST LUKE'S CORNWALL HOSPITAL,70 DUBOIS STREET,NEWBURGH,NY,12550,ORANGE,(845) 561-4400,Acute Care Hospitals,Voluntary non-profit - Other,True,True,3,0.0,Same as the national average,0.0,Below the national average,0.0,Above the national average,0.0,Below the national average,0.0,Above the national average,0.0,Below the national average,0.0,Same as the national average,0.0,POINT (-74.015176 41.503744)
330047,ST MARY'S HEALTHCARE,427 GUY PARK AVENUE,AMSTERDAM,NY,12010,MONTGOMERY,(518) 841-7101,Acute Care Hospitals,Voluntary non-profit - Private,True,True,3,0.0,Below the national average,0.0,Above the national average,0.0,Same as the national average,0.0,Same as the national average,0.0,Same as the national average,0.0,Same as the national average,0.0,Not Available,5.0,POINT (-74.216041 42.953648)
330195,LONG ISLAND JEWISH MEDICAL CENTER,270 - 05 76TH AVENUE,NEW HYDE PARK,NY,11040,NASSAU,(718) 470-7000,Acute Care Hospitals,Voluntary non-profit - Private,True,True,3,0.0,Above the national average,0.0,Above the national average,0.0,Below the national average,0.0,Below the national average,0.0,Below the national average,0.0,Below the national average,0.0,Above the national average,0.0,0
330218,OSWEGO HOSPITAL,110 WEST SIXTH STREET,OSWEGO,NY,13126,OSWEGO,(315) 349-5511,Acute Care Hospitals,Voluntary non-profit - Private,True,True,3,0.0,Same as the national average,0.0,Same as the national average,0.0,Same as the national average,0.0,Same as the national average,0.0,Same as the national average,0.0,Below the national average,0.0,Same as the national average,0.0,POINT (-76.516001 43.454141)
330246,ST CHARLES HOSPITAL,200 BELLE TERRE ROAD,PORT JEFFERSON,NY,11777,SUFFOLK,(631) 474-6000,Acute Care Hospitals,Voluntary non-profit - Private,True,True,3,0.0,Same as the national average,0.0,Below the national average,0.0,Below the national average,0.0,Same as the national average,0.0,Same as the national average,0.0,Below the national average,0.0,Same as the national average,0.0,POINT (-73.05983200000001 40.947392)
330208,ST JOHN'S RIVERSIDE HOSPITAL,976 NORTH BROADWAY,YONKERS,NY,10701,WESTCHESTER,(914) 964-4444,Acute Care Hospitals,Voluntary non-profit - Private,True,True,3,0.0,Above the national average,0.0,Below the national average,0.0,Same as the national average,0.0,Same as the national average,0.0,Same as the national average,0.0,Below the national average,0.0,Same as the national average,0.0,POINT (-73.885107 40.96784)
330276,NATHAN LITTAUER HOSPITAL,99 EAST STATE STREET,GLOVERSVILLE,NY,12078,FULTON,(518) 725-8621,Acute Care Hospitals,Voluntary non-profit - Private,True,True,3,0.0,Same as the national average,0.0,Same as the national average,0.0,Same as the national average,0.0,Same as the national average,0.0,Same as the national average,0.0,Same as the national average,0.0,Not Available,5.0,POINT (-74.330817 43.068029)
330229,"BROOKS-TLC HOSPITAL SYSTEM, INC",529 CENTRAL AVENUE,DUNKIRK,NY,14048,CHAUTAUQUA,(716) 366-1111,Acute Care Hospitals,Voluntary non-profit - Private,True,True,3,0.0,Same as the national average,0.0,Above the national average,0.0,Above the national average,0.0,Below the national average,0.0,Same as the national average,0.0,Same as the national average,0.0,Not Available,5.0,POINT (-79.333617 42.480106000000006)
330107,PECONIC BAY MEDICAL CENTER,1300 ROANOKE AVENUE,RIVERHEAD,NY,11901,SUFFOLK,(631) 548-6000,Acute Care Hospitals,Voluntary non-profit - Private,True,True,3,0.0,Same as the national average,0.0,Above the national average,0.0,Same as the national average,0.0,Below the national average,0.0,Same as the national average,0.0,Below the national average,0.0,Same as the national average,0.0,POINT (-72.674317 40.933577)
330223,MASSENA HOSPITAL INC,1 HOSPITAL DRIVE,MASSENA,NY,13662,ST. LAWRENCE,(315) 764-1711,Acute Care Hospitals,Government - Local,True,True,3,0.0,Same as the national average,0.0,Above the national average,0.0,Below the national average,0.0,Below the national average,0.0,Same as the national average,0.0,Same as the national average,0.0,Same as the national average,0.0,POINT (-74.907828 44.936344)
330074,F F THOMPSON HOSPITAL,350 PARRISH STREET,CANANDAIGUA,NY,14424,ONTARIO,(585) 396-6000,Acute Care Hospitals,Voluntary non-profit - Private,True,True,3,0.0,Same as the national average,0.0,Above the national average,0.0,Below the national average,0.0,Same as the national average,0.0,Same as the national average,0.0,Below the national average,0.0,Same as the national average,0.0,POINT (-77.288198 42.875591)
330102,KENMORE MERCY HOSPITAL,2950 ELMWOOD AVENUE,KENMORE,NY,14217,ERIE,(716) 447-6100,Acute Care Hospitals,Voluntary non-profit - Church,True,True,3,0.0,Same as the national average,0.0,Same as the national average,0.0,Same as the national average,0.0,Same as the national average,0.0,Same as the national average,0.0,Below the national average,0.0,Not Available,5.0,POINT (-78.878678 42.9779)
330157,SAMARITAN MEDICAL CENTER,830 WASHINGTON STREET,WATERTOWN,NY,13601,JEFFERSON,(315) 785-4121,Acute Care Hospitals,Voluntary non-profit - Private,True,True,3,0.0,Same as the national average,0.0,Above the national average,0.0,Below the national average,0.0,Below the national average,0.0,Same as the national average,0.0,Below the national average,0.0,Below the national average,0.0,POINT (-75.912761 43.96489)
331317,LEWIS COUNTY GENERAL HOSPITAL,7785 NORTH STATE STREET,LOWVILLE,NY,13367,LEWIS,(315) 376-5200,Critical Access Hospitals,Voluntary non-profit - Other,True,True,3,0.0,Same as the national average,0.0,Not Available,5.0,Above the national average,0.0,Same as the national average,0.0,Same as the national average,0.0,Same as the national average,0.0,Same as the national average,0.0,POINT (-75.498152 43.79583)
330008,WYOMING COUNTY COMMUNITY HOSPITAL,400 NORTH MAIN STREET,WARSAW,NY,14569,WYOMING,(585) 786-2233,Acute Care Hospitals,Government - Local,True,False,3,0.0,Same as the national average,0.0,Not Available,5.0,Below the national average,0.0,Same as the national average,0.0,Same as the national average,0.0,Same as the national average,0.0,Same as the national average,0.0,POINT (-78.132533 42.753447)
330088,STONY BROOK EASTERN LONG ISLAND HOSPITAL,201 MANOR PLACE,GREENPORT,NY,11944,SUFFOLK,(631) 477-1000,Acute Care Hospitals,Voluntary non-profit - Private,True,False,3,0.0,Same as the national average,0.0,Not Available,5.0,Same as the national average,0.0,Not Available,16.0,Same as the national average,0.0,Same as the national average,0.0,Same as the national average,0.0,POINT (-72.361459 41.110951)
330265,CLIFTON SPRINGS HOSPITAL AND CLINIC,2 COULTER ROAD,CLIFTON SPRINGS,NY,14432,ONTARIO,(315) 462-9561,Acute Care Hospitals,Voluntary non-profit - Private,True,True,3,0.0,Same as the national average,0.0,Not Available,5.0,Above the national average,0.0,Above the national average,0.0,Same as the national average,0.0,Same as the national average,0.0,Not Available,5.0,POINT (-77.139252 42.960473)
331312,"DELAWARE VALLEY HOSPITAL, INC",1 TITUS PLACE,WALTON,NY,13856,DELAWARE,(607) 865-2188,Critical Access Hospitals,Voluntary non-profit - Private,True,False,3,0.0,Same as the national average,0.0,Not Available,16.0,Same as the national average,0.0,Not Available,16.0,Not Available,5.0,Same as the national average,0.0,Not Available,5.0,POINT (-75.128087 42.165522)
331310,ELLENVILLE REGIONAL HOSPITAL,10 HEALTHY WAY,ELLENVILLE,NY,12428,ULSTER,(845) 647-6400,Critical Access Hospitals,Voluntary non-profit - Private,True,True,3,0.0,Same as the national average,0.0,Not Available,16.0,Below the national average,0.0,Not Available,16.0,Same as the national average,0.0,Above the national average,0.0,Not Available,5.0,POINT (-74.380624 41.732351)
331314,SOLDIERS AND SAILORS MEMORIAL HOSPITAL OF YATES,418 NORTH MAIN STREET,PENN YAN,NY,14527,YATES,(315) 787-4175,Critical Access Hospitals,Voluntary non-profit - Other,True,True,3,0.0,Same as the national average,0.0,Not Available,16.0,Same as the national average,0.0,Same as the national average,0.0,Same as the national average,0.0,Above the national average,0.0,Not Available,5.0,POINT (-77.059591 42.670468)
331319,MEDINA MEMORIAL HOSPITAL,200 OHIO STREET,MEDINA,NY,14103,ORLEANS,(585) 798-8111,Critical Access Hospitals,Voluntary non-profit - Private,True,False,3,0.0,Same as the national average,0.0,Not Available,16.0,Same as the national average,0.0,Not Available,16.0,Not Available,5.0,Below the national average,0.0,Not Available,5.0,POINT (-78.397073 43.223707)
330045,NS/LIJ HS HUNTINGTON HOSPITAL,270 PARK AVENUE,HUNTINGTON,NY,11743,SUFFOLK,(631) 351-2000,Acute Care Hospitals,Voluntary non-profit - Private,True,True,4,0.0,Above the national average,0.0,Above the national average,0.0,Below the national average,0.0,Same as the national average,0.0,Same as the national average,0.0,Below the national average,0.0,Above the national average,0.0,POINT (-73.417488 40.879201)
330197,CANTON-POTSDAM HOSPITAL,50 LEROY STREET,POTSDAM,NY,13676,ST. LAWRENCE,(315) 265-3300,Acute Care Hospitals,Voluntary non-profit - Private,True,True,4,0.0,Above the national average,0.0,Above the national average,0.0,Same as the national average,0.0,Same as the national average,0.0,Below the national average,0.0,Same as the national average,0.0,Same as the national average,0.0,POINT (-74.981451 44.676085)
330222,SARATOGA HOSPITAL,211 CHURCH STREET,SARATOGA SPRINGS,NY,12866,SARATOGA,(518) 587-3222,Acute Care Hospitals,Voluntary non-profit - Private,True,True,4,0.0,Same as the national average,0.0,Above the national average,0.0,Above the national average,0.0,Above the national average,0.0,Above the national average,0.0,Below the national average,0.0,Same as the national average,0.0,POINT (-73.796223 43.084794)
330393,SUNY/STONY BROOK UNIVERSITY HOSPITAL,HEALTH SCIENCES CENTER SUNY,STONY BROOK,NY,11794,SUFFOLK,(631) 444-4000,Acute Care Hospitals,Government - State,True,True,4,0.0,Above the national average,0.0,Above the national average,0.0,Below the national average,0.0,Below the national average,0.0,Same as the national average,0.0,Below the national average,0.0,Same as the national average,0.0,0
330135,BON SECOURS COMMUNITY HOSPITAL,160 EAST MAIN STREET,PORT JERVIS,NY,12771,ORANGE,(845) 856-5351,Acute Care Hospitals,Voluntary non-profit - Church,True,True,4,0.0,Same as the national average,0.0,Above the national average,0.0,Same as the national average,0.0,Same as the national average,0.0,Same as the national average,0.0,Above the national average,0.0,Same as the national average,0.0,POINT (-74.682593 41.367766)
330126,GARNET HEALTH MEDICAL CENTER,707 EAST MAIN STREET,MIDDLETOWN,NY,10940,ORANGE,(845) 343-2424,Acute Care Hospitals,Voluntary non-profit - Private,True,True,4,0.0,Above the national average,0.0,Above the national average,0.0,Above the national average,0.0,Below the national average,0.0,Same as the national average,0.0,Below the national average,0.0,Above the national average,0.0,POINT (-74.369415 41.439962)
330046,MOUNT SINAI ST LUKE'S ROOSEVELT HOSPITAL,1000 TENTH AVENUE,NEW YORK,NY,10019,NEW YORK,(212) 523-4000,Acute Care Hospitals,Voluntary non-profit - Private,True,True,4,0.0,Above the national average,0.0,Above the national average,0.0,Below the national average,0.0,Below the national average,0.0,Same as the national average,0.0,Below the national average,0.0,Same as the national average,0.0,POINT (-73.987846 40.770129)
330261,PHELPS MEMORIAL HOSPITAL CENTER,701 NORTH BROADWAY,SLEEPY HOLLOW,NY,10591,WESTCHESTER,(914) 366-3000,Acute Care Hospitals,Voluntary non-profit - Other,True,True,4,0.0,Same as the national average,0.0,Above the national average,0.0,Above the national average,0.0,Above the national average,0.0,Same as the national average,0.0,Below the national average,0.0,Same as the national average,0.0,POINT (-73.85963900000002 41.107555)
330250,CHAMPLAIN VALLEY PHYSICIANS HOSPITAL MEDICAL CTR,75 BEEKMAN STREET,PLATTSBURGH,NY,12901,CLINTON,(518) 562-7767,Acute Care Hospitals,Voluntary non-profit - Private,True,True,4,0.0,Same as the national average,0.0,Same as the national average,0.0,Same as the national average,0.0,Above the national average,0.0,Same as the national average,0.0,Below the national average,0.0,Same as the national average,0.0,POINT (-73.466647 44.700122)
330211,CLAXTON-HEPBURN MEDICAL CENTER,214 KING STREET,OGDENSBURG,NY,13669,ST. LAWRENCE,(315) 393-3600,Acute Care Hospitals,Voluntary non-profit - Private,True,True,4,0.0,Same as the national average,0.0,Above the national average,0.0,Above the national average,0.0,Same as the national average,0.0,Same as the national average,0.0,Same as the national average,0.0,Same as the national average,0.0,POINT (-75.499934 44.692091)
330273,PUTNAM HOSPITAL CENTER,670 STONELEIGH AVENUE,CARMEL,NY,10512,PUTNAM,(914) 279-5711,Acute Care Hospitals,Voluntary non-profit - Private,True,False,4,0.0,Same as the national average,0.0,Same as the national average,0.0,Below the national average,0.0,Above the national average,0.0,Same as the national average,0.0,Above the national average,0.0,Same as the national average,0.0,POINT (-73.664475 41.384844)
330181,NORTHWELL HOSPITAL GLEN COVE,101 ST ANDREWS LANE,GLEN COVE,NY,11542,NASSAU,(516) 674-7300,Acute Care Hospitals,Voluntary non-profit - Private,True,True,4,0.0,Same as the national average,0.0,Above the national average,0.0,Above the national average,0.0,Same as the national average,0.0,Same as the national average,0.0,Below the national average,0.0,Same as the national average,0.0,0
330024,MOUNT SINAI HOSPITAL,ONE GUSTAVE L LEVY PLACE,NEW YORK,NY,10029,NEW YORK,(212) 241-7981,Acute Care Hospitals,Voluntary non-profit - Private,True,True,4,0.0,Above the national average,0.0,Above the national average,0.0,Above the national average,0.0,Below the national average,0.0,Same as the national average,0.0,Below the national average,0.0,Same as the national average,0.0,0
330049,NORTHERN DUTCHESS HOSPITAL,6511 SPRINGBROOK AVENUE,RHINEBECK,NY,12572,DUTCHESS,(845) 871-3391,Acute Care Hospitals,Voluntary non-profit - Private,True,False,4,0.0,Same as the national average,0.0,Above the national average,0.0,Below the national average,0.0,Above the national average,0.0,Same as the national average,0.0,Above the national average,0.0,Same as the national average,0.0,0
330151,ST JAMES MERCY HOSPITAL,411 CANISTEO STREET,HORNELL,NY,14843,STEUBEN,(607) 324-8000,Acute Care Hospitals,Voluntary non-profit - Church,True,False,4,0.0,Same as the national average,0.0,Not Available,5.0,Above the national average,0.0,Same as the national average,0.0,Same as the national average,0.0,Same as the national average,0.0,Not Available,5.0,POINT (-77.660142 42.314575)
330144,IRA DAVENPORT MEMORIAL HOSPITAL,7571 STATE ROUTE 54,BATH,NY,14810,STEUBEN,(607) 776-8500,Acute Care Hospitals,Voluntary non-profit - Other,True,False,4,0.0,Not Available,5.0,Not Available,5.0,Same as the national average,0.0,Not Available,16.0,Same as the national average,0.0,Same as the national average,0.0,Not Available,5.0,POINT (-77.278553 42.37297)
331316,"COMMUNITY MEMORIAL HOSPITAL, INC",150 BROAD STREET,HAMILTON,NY,13346,MADISON,(315) 824-1100,Critical Access Hospitals,Voluntary non-profit - Private,True,True,4,0.0,Same as the national average,0.0,Not Available,5.0,Same as the national average,0.0,Above the national average,0.0,Same as the national average,0.0,Above the national average,0.0,Same as the national average,0.0,POINT (-75.541908 42.813906)
331315,GOUVERNEUR HOSPITAL,77 WEST BARNEY STREET,GOUVERNEUR,NY,13642,ST. LAWRENCE,(315) 287-1000,Critical Access Hospitals,Voluntary non-profit - Private,True,True,4,0.0,Same as the national average,0.0,Not Available,16.0,Same as the national average,0.0,Not Available,16.0,Not Available,16.0,Not Available,5.0,Same as the national average,0.0,POINT (-75.474371 44.338275)
330214,NEW YORK UNIVERSITY LANGONE MEDICAL CENTER,550 FIRST AVENUE,NEW YORK,NY,10016,NEW YORK,(212) 263-7300,Acute Care Hospitals,Voluntary non-profit - Private,True,True,5,0.0,Above the national average,0.0,Below the national average,0.0,Above the national average,0.0,Same as the national average,0.0,Above the national average,0.0,Below the national average,0.0,Above the national average,0.0,POINT (-73.974661 40.74226)
330182,ST FRANCIS HOSPITAL - THE HEART CENTER,100 PORT WASHINGTON BOULEVARD,ROSLYN,NY,11576,NASSAU,(516) 562-6000,Acute Care Hospitals,Voluntary non-profit - Church,True,True,5,0.0,Above the national average,0.0,Below the national average,0.0,Above the national average,0.0,Above the national average,0.0,Same as the national average,0.0,Below the national average,0.0,Same as the national average,0.0,POINT (-73.672669 40.804505)
330270,HOSPITAL FOR SPECIAL SURGERY,535 EAST 70TH STREET,NEW YORK,NY,10021,NEW YORK,(212) 606-1000,Acute Care Hospitals,Voluntary non-profit - Private,True,True,5,0.0,Not Available,5.0,Above the national average,0.0,Not Available,5.0,Above the national average,0.0,Same as the national average,0.0,Not Available,16.0,Not Available,5.0,POINT (-73.953128 40.764866)
330224,HEALTHALLIANCE HOSPITAL MARYS AVENUE CAMPUS,105 MARY'S AVENUE,KINGSTON,NY,12401,ULSTER,(845) 338-2500,Acute Care Hospitals,Voluntary non-profit - Church,True,True,Not Available,16.0,Not Available,16.0,Above the national average,0.0,Not Available,5.0,Same as the national average,0.0,Not Available,5.0,Not Available,16.0,Not Available,16.0,POINT (-73.999335 41.922453)
330100,NY EYE AND EAR INFIRMARY OF MOUNT SINAI,230 SECOND AVE,NEW YORK,NY,10003,NEW YORK,(212) 979-4000,Acute Care Hospitals,Voluntary non-profit - Private,False,False,Not Available,16.0,Not Available,16.0,Not Available,5.0,Not Available,16.0,Not Available,16.0,Not Available,5.0,Not Available,16.0,Not Available,16.0,POINT (-73.984816 40.732559)
330405,HELEN HAYES HOSPITAL,51 NORTH ROUTE 9W,WEST HAVERSTRAW,NY,10993,ROCKLAND,(845) 786-4000,Acute Care Hospitals,Government - Local,False,False,Not Available,16.0,Not Available,16.0,Not Available,5.0,Not Available,16.0,Not Available,16.0,Not Available,16.0,Not Available,16.0,Not Available,16.0,POINT (-73.985768 41.212779)
330403,MONROE COMMUNITY HOSPITAL,435 EAST HENRIETTA ROAD,ROCHESTER,NY,14620,MONROE,(585) 760-6500,Acute Care Hospitals,Voluntary non-profit - Other,False,False,Not Available,16.0,Not Available,16.0,Not Available,5.0,Not Available,16.0,Not Available,16.0,Not Available,16.0,Not Available,16.0,Not Available,16.0,POINT (-77.616078 43.111856)
330166,"WESTFIELD MEMORIAL HOSPITAL, INC",189 EAST MAIN STREET,WESTFIELD,NY,14787,CHAUTAUQUA,(716) 326-4921,Acute Care Hospitals,Voluntary non-profit - Private,True,True,Not Available,16.0,Not Available,16.0,Not Available,5.0,Not Available,16.0,Not Available,16.0,Below the national average,0.0,Same as the national average,0.0,Not Available,5.0,POINT (-79.569397 42.327901)
331311,LITTLE FALLS HOSPITAL,140 BURWELL STREET,LITTLE FALLS,NY,13365,HERKIMER,(315) 823-5261,Critical Access Hospitals,Voluntary non-profit - Private,True,True,Not Available,5.0,Not Available,5.0,Not Available,5.0,Not Available,5.0,Not Available,5.0,Not Available,5.0,Not Available,5.0,Not Available,5.0,POINT (-74.847733 43.043946)
330406,SUNNYVIEW HOSPITAL AND REHABILITATION CENTER,1270 BELMONT AVENUE,SCHENECTADY,NY,12308,SCHENECTADY,(518) 386-3580,Acute Care Hospitals,Voluntary non-profit - Private,False,True,Not Available,16.0,Not Available,16.0,Not Available,5.0,Not Available,5.0,Not Available,16.0,Not Available,5.0,Not Available,16.0,Not Available,16.0,POINT (-73.91386 42.822229)
331307,CLIFTON FINE HOSPITAL,1014 OSWEGATCHIE TRAIL,STAR LAKE,NY,13690,ST. LAWRENCE,(315) 848-3351,Critical Access Hospitals,Voluntary non-profit - Private,True,True,Not Available,16.0,Not Available,16.0,Not Available,16.0,Not Available,16.0,Not Available,16.0,Not Available,5.0,Not Available,16.0,Not Available,16.0,POINT (-75.055964 44.162953)
331302,ELIZABETHTOWN COMMUNITY HOSPITAL,75 PARK STREET,ELIZABETHTOWN,NY,12932,ESSEX,(518) 873-6377,Critical Access Hospitals,Voluntary non-profit - Private,True,True,Not Available,16.0,Same as the national average,0.0,Not Available,16.0,Below the national average,0.0,Not Available,16.0,Not Available,5.0,Not Available,5.0,Not Available,5.0,POINT (-73.596624 44.21543)
331301,"CUBA MEMORIAL HOSPITAL, INC",140 WEST MAIN STREET,CUBA,NY,14727,ALLEGANY,(585) 961-2000,Critical Access Hospitals,Voluntary non-profit - Private,False,False,Not Available,16.0,Not Available,16.0,Not Available,16.0,Not Available,16.0,Not Available,16.0,Not Available,16.0,Above the national average,0.0,Not Available,16.0,POINT (-78.288139 42.213341)
331313,SCHUYLER HOSPITAL,220 STEUBEN STREET,MONTOUR FALLS,NY,14865,SCHUYLER,(607) 530-7121,Critical Access Hospitals,Voluntary non-profit - Private,True,True,Not Available,16.0,Not Available,5.0,Not Available,16.0,Below the national average,0.0,Not Available,16.0,Not Available,5.0,Same as the national average,0.0,Not Available,5.0,POINT (-76.858842 42.351453)
331309,RIVER HOSPITAL CLINICS,4 FULLER STREET,ALEXANDRIA BAY,NY,13607,JEFFERSON,(315) 482-2511,Critical Access Hospitals,Voluntary non-profit - Private,True,True,Not Available,16.0,Not Available,5.0,Not Available,16.0,Not Available,5.0,Not Available,16.0,Not Available,5.0,Same as the national average,0.0,Same as the national average,0.0,POINT (-75.920022 44.337217)
331303,GROVER HERMANN DIVISION,8081 ROUTE 97,CALLICOON,NY,12723,SULLIVAN,(845) 887-5530,Critical Access Hospitals,Government - Federal,False,True,Not Available,16.0,Not Available,16.0,Not Available,16.0,Not Available,5.0,Not Available,16.0,Not Available,5.0,Not Available,5.0,Not Available,5.0,0
331320,COBLESKILL REGIONAL HOSPITAL,178 GRANDVIEW DRIVE,COBLESKILL,NY,12043,SCHOHARIE,(518) 254-3456,Critical Access Hospitals,Voluntary non-profit - Private,True,True,Not Available,16.0,Not Available,16.0,Not Available,16.0,Not Available,16.0,Not Available,16.0,Same as the national average,0.0,Not Available,5.0,Not Available,5.0,POINT (-74.482987 42.686224)
331304,MARGARETVILLE MEMORIAL HOSPITAL,42084 STATE HIGHWAY 28,MARGARETVILLE,NY,12455,DELAWARE,(845) 586-2631,Critical Access Hospitals,Voluntary non-profit - Private,True,True,Not Available,16.0,Not Available,5.0,Not Available,16.0,Not Available,5.0,Not Available,16.0,Not Available,5.0,Not Available,5.0,Same as the national average,0.0,POINT (-74.642629 42.147654)
331305,O'CONNOR HOSPITAL,460 ANDES ROAD,DELHI,NY,13753,DELAWARE,(607) 746-0300,Critical Access Hospitals,Voluntary non-profit - Private,True,True,Not Available,16.0,Not Available,5.0,Not Available,16.0,Same as the national average,0.0,Not Available,16.0,Not Available,5.0,Above the national average,0.0,Not Available,5.0,POINT (-74.91685 42.26687)
334045,ELMIRA PSYCH CENTER,WASHINGTON ST,ELMIRA,NY,14901,CHEMUNG,(607) 737-4739,Psychiatric,Government - State,False,False,Not Available,19.0,Not Available,19.0,Not Available,19.0,Not Available,19.0,Not Available,19.0,Not Available,19.0,Not Available,19.0,Not Available,19.0,0
334052,BUFFALO PSYCHIATRIC CENTER,400 FOREST AVE,BUFFALO,NY,14213,ERIE,(716) 885-2261,Psychiatric,Government - State,False,False,Not Available,19.0,Not Available,19.0,Not Available,19.0,Not Available,19.0,Not Available,19.0,Not Available,19.0,Not Available,19.0,Not Available,19.0,POINT (-78.883286 42.927823)
334021,MOHAWK VALLEY PSYCHIATRIC CENTER,1400 NOYES ST,UTICA,NY,13502,ONEIDA,(315) 797-6800,Psychiatric,Government - Local,True,False,Not Available,19.0,Not Available,19.0,Not Available,19.0,Not Available,19.0,Not Available,19.0,Not Available,19.0,Not Available,19.0,Not Available,19.0,POINT (-75.260626 43.102249)
334043,SOUTH BEACH PSYCHIATRIC CENTER,777 SEAVIEW AVE,STATEN ISLAND,NY,10305,RICHMOND,(718) 667-2300,Psychiatric,Government - State,False,False,Not Available,19.0,Not Available,19.0,Not Available,19.0,Not Available,19.0,Not Available,19.0,Not Available,19.0,Not Available,19.0,Not Available,19.0,POINT (-74.07829 40.579599)
334063,KINGSBORO PSYCHIATRIC HOSPITAL,681 CLARKSON AVENUE,BROOKLYN,NY,11203,KINGS,(718) 221-7395,Psychiatric,Government - State,False,False,Not Available,19.0,Not Available,19.0,Not Available,19.0,Not Available,19.0,Not Available,19.0,Not Available,19.0,Not Available,19.0,Not Available,19.0,POINT (-73.936177 40.656266)
331318,"CARTHAGE AREA HOSPITAL, INC",1001 WEST STREET,CARTHAGE,NY,13619,JEFFERSON,(315) 493-1000,Critical Access Hospitals,Voluntary non-profit - Private,True,True,Not Available,19.0,Not Available,19.0,Not Available,19.0,Not Available,19.0,Not Available,19.0,Not Available,19.0,Not Available,19.0,Not Available,19.0,POINT (-75.594861 43.986162)
334002,FOUR WINDS,800 CROSS RIVER RD,KATONAH,NY,10536,WESTCHESTER,(914) 763-8151,Psychiatric,Proprietary,False,False,Not Available,19.0,Not Available,19.0,Not Available,19.0,Not Available,19.0,Not Available,19.0,Not Available,19.0,Not Available,19.0,Not Available,19.0,POINT (-73.621768 41.26335)
334003,ST LAWRENCE PSYCH CENTER,ONE CHIMNEY POINT DRIVE,OGDENSBURG,NY,13669,ST. LAWRENCE,(315) 541-2071,Psychiatric,Government - State,True,False,Not Available,19.0,Not Available,19.0,Not Available,19.0,Not Available,19.0,Not Available,19.0,Not Available,19.0,Not Available,19.0,Not Available,19.0,0
334009,NEW YORK STATE PSYCHIATRIC INSTITUTE,722 W 168TH ST,NEW YORK,NY,10032,NEW YORK,(212) 543-5000,Psychiatric,Government - State,False,False,Not Available,19.0,Not Available,19.0,Not Available,19.0,Not Available,19.0,Not Available,19.0,Not Available,19.0,Not Available,19.0,Not Available,19.0,POINT (-73.942279 40.842156)
334053,BRONX PSYCHIATRIC CENTER,1500 WATERS PLACE,BRONX,NY,10461,BRONX,(718) 931-0600,Psychiatric,Government - State,False,False,Not Available,19.0,Not Available,19.0,Not Available,19.0,Not Available,19.0,Not Available,19.0,Not Available,19.0,Not Available,19.0,Not Available,19.0,POINT (-73.842762 40.846376)
334020,ROCHESTER PSYCHIATRIC CENTER,1600 SOUTH AVE,ROCHESTER,NY,14620,MONROE,(585) 241-1200,Psychiatric,Government - Local,False,False,Not Available,19.0,Not Available,19.0,Not Available,19.0,Not Available,19.0,Not Available,19.0,Not Available,19.0,Not Available,19.0,Not Available,19.0,POINT (-77.614415 43.124503)
334046,CAPITAL DISTRICT PSYCH CENTER,75 NEW SCOTLAND AVE,ALBANY,NY,12208,ALBANY,(845) 398-5566,Psychiatric,Government - State,False,False,Not Available,19.0,Not Available,19.0,Not Available,19.0,Not Available,19.0,Not Available,19.0,Not Available,19.0,Not Available,19.0,Not Available,19.0,POINT (-73.777893 42.652557)
334027,SOUTH OAKS HOSP,400 SUNRISE HIGHWAY,AMITYVILLE,NY,11701,SUFFOLK,(516) 264-4000,Psychiatric,Voluntary non-profit - Private,False,False,Not Available,19.0,Not Available,19.0,Not Available,19.0,Not Available,19.0,Not Available,19.0,Not Available,19.0,Not Available,19.0,Not Available,19.0,POINT (-73.423128 40.686843)
330410,TERENCE CARDINAL COOKE HEALTH CARE CENTER,1249 FIFTH AVENUE,NEW YORK,NY,10029,NEW YORK,(212) 360-3600,Acute Care Hospitals,Voluntary non-profit - Church,False,False,Not Available,19.0,Not Available,19.0,Not Available,19.0,Not Available,19.0,Not Available,19.0,Not Available,19.0,Not Available,19.0,Not Available,19.0,POINT (-73.951083 40.794298)
334015,ROCKLAND PSYCH CTR,140 OLD ORANGEBURG RD,ORANGEBURG,NY,10962,ROCKLAND,(845) 359-1000,Psychiatric,Government - State,False,False,Not Available,19.0,Not Available,19.0,Not Available,19.0,Not Available,19.0,Not Available,19.0,Not Available,19.0,Not Available,19.0,Not Available,19.0,POINT (-73.969781 41.044479)
334061,MID HUDSON FORENSIC PSYCHIATRIC CTR,BOX 158 ROUTE 17M,NEW HAMPTON,NY,10958,ORANGE,(845) 374-3171,Psychiatric,Government - State,True,False,Not Available,19.0,Not Available,19.0,Not Available,19.0,Not Available,19.0,Not Available,19.0,Not Available,19.0,Not Available,19.0,Not Available,19.0,0
334054,MANHATTAN PSYCHIATRIC CENTER,WARD'S ISLAND,NEW YORK,NY,10035,NEW YORK,(212) 369-0500,Psychiatric,Government - State,False,False,Not Available,19.0,Not Available,19.0,Not Available,19.0,Not Available,19.0,Not Available,19.0,Not Available,19.0,Not Available,19.0,Not Available,19.0,0
334012,GREATER BINGHAMTON HEALTH CENTER,425 ROBINSON ST,BINGHAMTON,NY,13901,BROOME,(607) 724-1391,Psychiatric,Government - Local,True,False,Not Available,19.0,Not Available,19.0,Not Available,19.0,Not Available,19.0,Not Available,19.0,Not Available,19.0,Not Available,19.0,Not Available,19.0,POINT (-75.866583 42.107984)
334004,CREEDMOOR PSYCHIATRIC CENTER,80-45 WINCHESTER BLVD BLDG B,QUEENS VILLAGE,NY,11427,QUEENS,(718) 264-4000,Psychiatric,Government - State,True,False,Not Available,19.0,Not Available,19.0,Not Available,19.0,Not Available,19.0,Not Available,19.0,Not Available,19.0,Not Available,19.0,Not Available,19.0,POINT (-73.733614 40.739344)
333301,BLYTHEDALE CHILDREN'S HOSPITAL,95 BRADHURST AVENUE,VALHALLA,NY,10595,WESTCHESTER,(914) 592-7555,Childrens,Voluntary non-profit - Private,False,False,Not Available,19.0,Not Available,19.0,Not Available,19.0,Not Available,19.0,Not Available,19.0,Not Available,19.0,Not Available,19.0,Not Available,19.0,POINT (-73.801998 41.093141)
334026,BRUNSWICK PSYCH CENTER,366 BROADWAY,AMITYVILLE,NY,11701,SUFFOLK,(516) 789-7000,Psychiatric,Proprietary,False,False,Not Available,19.0,Not Available,19.0,Not Available,19.0,Not Available,19.0,Not Available,19.0,Not Available,19.0,Not Available,19.0,Not Available,19.0,POINT (-73.418446 40.684765)
334066,ROCKLAND CHILDREN'S PSYCHIATRIC CENTER,2 FIRST AVE,ORANGEBURG,NY,10962,ROCKLAND,(845) 680-8004,Psychiatric,Government - State,False,False,Not Available,19.0,Not Available,19.0,Not Available,19.0,Not Available,19.0,Not Available,19.0,Not Available,19.0,Not Available,19.0,Not Available,19.0,POINT (-73.96979 41.046076000000006)
330409,THE BURDETT CARE CENTER,2215 BURDETT AVE,TROY,NY,12180,RENSSELAER,(518) 271-3655,Acute Care Hospitals,Voluntary non-profit - Private,False,True,Not Available,19.0,Not Available,19.0,Not Available,19.0,Not Available,19.0,Not Available,19.0,Not Available,19.0,Not Available,19.0,Not Available,19.0,POINT (-73.671434 42.733395)
334048,GRACIE SQUARE HOSP,420 EAST 76 ST,NEW YORK,NY,10021,NEW YORK,(212) 434-5322,Psychiatric,Voluntary non-profit - Private,False,False,Not Available,19.0,Not Available,19.0,Not Available,19.0,Not Available,19.0,Not Available,19.0,Not Available,19.0,Not Available,19.0,Not Available,19.0,POINT (-73.952866 40.76987)
334013,PILGRIM PSYCHIATRIC CENTER,998 CROOKED HILL ROAD,WEST BRENTWOOD,NY,11717,SUFFOLK,(631) 761-3500,Psychiatric,Government - State,True,False,Not Available,19.0,Not Available,19.0,Not Available,19.0,Not Available,19.0,Not Available,19.0,Not Available,19.0,Not Available,19.0,Not Available,19.0,POINT (-73.286926 40.80409)
334060,KIRBY FORENSIC PSYCHIATRIC CENTER,WARD ISLAND,NEW YORK,NY,10035,NEW YORK,(212) 427-9003,Psychiatric,Government - State,False,False,Not Available,19.0,Not Available,19.0,Not Available,19.0,Not Available,19.0,Not Available,19.0,Not Available,19.0,Not Available,19.0,Not Available,19.0,0
334065,WESTERN NY CHILDRENS PSYCHIATRIC CENTER,1010 EAST & WEST ROAD,WEST SENECA,NY,14224,ERIE,(716) 677-7000,Psychiatric,Government - State,True,False,Not Available,19.0,Not Available,19.0,Not Available,19.0,Not Available,19.0,Not Available,19.0,Not Available,19.0,Not Available,19.0,Not Available,19.0,POINT (-78.753473 42.82734700000001)
334022,BRYLIN HOSP,1263 DELAWARE AVE,BUFFALO,NY,14209,ERIE,(716) 886-8200,Psychiatric,Proprietary,False,False,Not Available,19.0,Not Available,19.0,Not Available,19.0,Not Available,19.0,Not Available,19.0,Not Available,19.0,Not Available,19.0,Not Available,19.0,POINT (-78.868415 42.918258)
334064,SAGAMORE CHILDREN'S PSYCHIATRIC CENTER,197 HALF  HOLLOW ROAD,DIX HILLS,NY,11746,SUFFOLK,(631) 370-1701,Psychiatric,Government - State,False,False,Not Available,19.0,Not Available,19.0,Not Available,19.0,Not Available,19.0,Not Available,19.0,Not Available,19.0,Not Available,19.0,Not Available,19.0,POINT (-73.382467 40.792705)
334001,HUTCHINGS PSYCHIATRIC CTR,620 MADISON STREET,SYRACUSE,NY,13210,ONONDAGA,(315) 473-4980,Psychiatric,Government - State,False,False,Not Available,19.0,Not Available,19.0,Not Available,19.0,Not Available,19.0,Not Available,19.0,Not Available,19.0,Not Available,19.0,Not Available,19.0,POINT (-76.139777 43.045384)
334049,FOUR WINDS OF SARATOGA,30 CRESCENT AVE,SARATOGA SPRINGS,NY,12866,SARATOGA,(518) 584-3600,Psychiatric,Proprietary,True,False,Not Available,19.0,Not Available,19.0,Not Available,19.0,Not Available,19.0,Not Available,19.0,Not Available,19.0,Not Available,19.0,Not Available,19.0,POINT (-73.783423 43.058364)
33025F,Keller ACH (West Point),900 Washington Rd,West Point,NY,10996,ORANGE,(845) 938-4034,Acute Care - Department of Defense,Department of Defense,True,False,Not Available,22.0,Not Available,22.0,Not Available,22.0,Not Available,22.0,Not Available,22.0,Not Available,22.0,Not Available,22.0,Not Available,22.0,POINT (-73.976767 41.40072)
